{
    "loss": 0.586226761341095, 
    "accuracy": 0.8383451104164124
}