{
    "loss": 0.34216776490211487, 
    "accuracy": 0.857517659664154
}